{"cameraMode":{"drawMode":2,"name":"Shaded Wireframe","section":"Shading Mode"},"sceneLighting":false,"audioPlay":false,"sceneViewState":{"showFog":true,"showMaterialUpdate":true,"showSkybox":true,"showFlares":true,"showImageEffects":true,"showParticleSystems":true},"in2DMode":false,"pivot":{"x":-1.1855889558792115,"y":102.5243148803711,"z":1.8954095840454102},"rotation":{"x":-0.2316817045211792,"y":0.06267876923084259,"z":-0.014960587956011296,"w":-0.9706550240516663},"size":14.289420127868653,"orthographic":false}