{"cameraMode":{"drawMode":2,"name":"Shaded Wireframe","section":"Shading Mode"},"sceneLighting":false,"audioPlay":false,"sceneViewState":{"showFog":true,"showMaterialUpdate":true,"showSkybox":true,"showFlares":true,"showImageEffects":true,"showParticleSystems":true},"in2DMode":false,"pivot":{"x":-0.6174359321594238,"y":100.66692352294922,"z":-225.27281188964845},"rotation":{"x":0.07860833406448364,"y":0.07230295985937119,"z":-0.00571653014048934,"w":0.994263768196106},"size":29.27865219116211,"orthographic":false}