{"cameraMode":{"drawMode":2,"name":"Shaded Wireframe","section":"Shading Mode"},"sceneLighting":false,"audioPlay":false,"sceneViewState":{"showFog":true,"showMaterialUpdate":true,"showSkybox":true,"showFlares":true,"showImageEffects":true,"showParticleSystems":true},"in2DMode":false,"pivot":{"x":-72.41000366210938,"y":200.9499969482422,"z":1111.489990234375},"rotation":{"x":0.31725549697875979,"y":-0.3097342848777771,"z":0.11047285050153732,"w":0.8894995450973511},"size":0.2086215615272522,"orthographic":false}