{"cameraMode":{"drawMode":2,"name":"Shaded Wireframe","section":"Shading Mode"},"sceneLighting":false,"audioPlay":false,"sceneViewState":{"showFog":true,"showMaterialUpdate":true,"showSkybox":true,"showFlares":true,"showImageEffects":true,"showParticleSystems":true},"in2DMode":false,"pivot":{"x":303.0199890136719,"y":92.80061340332031,"z":362.9979248046875},"rotation":{"x":-0.10928096622228623,"y":0.0002900374529417604,"z":-0.00003201980871381238,"w":-0.994010865688324},"size":5.152338981628418,"orthographic":false}