{"cameraMode":{"drawMode":2,"name":"Shaded Wireframe","section":"Shading Mode"},"sceneLighting":false,"audioPlay":false,"sceneViewState":{"showFog":true,"showMaterialUpdate":true,"showSkybox":true,"showFlares":true,"showImageEffects":true,"showParticleSystems":true},"in2DMode":false,"pivot":{"x":6.194253921508789,"y":117.34770202636719,"z":17.593854904174806},"rotation":{"x":-0.0829949602484703,"y":-0.1681055873632431,"z":0.014205440878868103,"w":-0.9821662902832031},"size":25.518688201904298,"orthographic":false}