{"cameraMode":{"drawMode":2,"name":"Shaded Wireframe","section":"Shading Mode"},"sceneLighting":false,"audioPlay":false,"sceneViewState":{"showFog":true,"showMaterialUpdate":true,"showSkybox":true,"showFlares":true,"showImageEffects":true,"showParticleSystems":true},"in2DMode":false,"pivot":{"x":-289.4613342285156,"y":-119.62966918945313,"z":-2.384185791015625e-7},"rotation":{"x":-0.0829949602484703,"y":-0.1681055873632431,"z":0.014205440878868103,"w":-0.9821662902832031},"size":968.8150634765625,"orthographic":false}