{"cameraMode":{"drawMode":2,"name":"Shaded Wireframe","section":"Shading Mode"},"sceneLighting":false,"audioPlay":false,"sceneViewState":{"showFog":true,"showMaterialUpdate":true,"showSkybox":true,"showFlares":true,"showImageEffects":true,"showParticleSystems":true},"in2DMode":false,"pivot":{"x":-1.3269931077957154,"y":-3.104607582092285,"z":8.966294288635254},"rotation":{"x":-0.14114852249622346,"y":-0.10936274379491806,"z":0.015690337866544725,"w":-0.9838041663169861},"size":37.10342788696289,"orthographic":false}