{"cameraMode":{"drawMode":2,"name":"Shaded Wireframe","section":"Shading Mode"},"sceneLighting":false,"audioPlay":false,"sceneViewState":{"showFog":true,"showMaterialUpdate":true,"showSkybox":true,"showFlares":true,"showImageEffects":true,"showParticleSystems":true},"in2DMode":false,"pivot":{"x":6.206045627593994,"y":6.616817951202393,"z":-7.605750560760498},"rotation":{"x":0.17786180973052979,"y":0.28922316431999209,"z":-0.05478392913937569,"w":0.9389962553977966},"size":41.54680252075195,"orthographic":false}