{"cameraMode":{"drawMode":2,"name":"Shaded Wireframe","section":"Shading Mode"},"sceneLighting":false,"audioPlay":false,"sceneViewState":{"showFog":true,"showMaterialUpdate":true,"showSkybox":true,"showFlares":true,"showImageEffects":true,"showParticleSystems":true},"in2DMode":false,"pivot":{"x":374.9750061035156,"y":220.6750030517578,"z":0.2749999761581421},"rotation":{"x":-0.1006222739815712,"y":0.013414905406534672,"z":-0.0013569674920290709,"w":-0.9948333501815796},"size":476.8258056640625,"orthographic":false}