{"cameraMode":{"drawMode":2,"name":"Shaded Wireframe","section":"Shading Mode"},"sceneLighting":false,"audioPlay":false,"sceneViewState":{"showFog":true,"showMaterialUpdate":true,"showSkybox":true,"showFlares":true,"showImageEffects":true,"showParticleSystems":true},"in2DMode":false,"pivot":{"x":26.88895034790039,"y":-8.535238265991211,"z":127.12184143066406},"rotation":{"x":0.1475144624710083,"y":-0.2687253952026367,"z":0.04168567433953285,"w":0.9509409070014954},"size":170.7772674560547,"orthographic":false}