{"cameraMode":{"drawMode":2,"name":"Shaded Wireframe","section":"Shading Mode"},"sceneLighting":false,"audioPlay":false,"sceneViewState":{"showFog":true,"showMaterialUpdate":true,"showSkybox":true,"showFlares":true,"showImageEffects":true,"showParticleSystems":true},"in2DMode":false,"pivot":{"x":-90.74404907226563,"y":324.7586364746094,"z":151.73997497558595},"rotation":{"x":-0.24167105555534364,"y":-0.6679568886756897,"z":0.2445828765630722,"w":-0.6600059866905212},"size":76.84342193603516,"orthographic":false}